{
  "closed": 47,
  "data": [
    {
      "id": "I_kwDOAffHH85M2vjV",
      "closed": false,
      "title": "Class-Balanced Loss based on Effectivene number of examples",
      "createdAt": "2022-06-30T00:02:58Z",
      "url": "https://github.com/keras-team/keras/issues/16735",
      "number": 16735,
      "assignees": {
        "nodes": [
          {
            "avatarUrl": "https://avatars.githubusercontent.com/u/20843596?u=6deb5872cde2e3ab5bf5d48ece503bc8b5b0bcf6&v=4",
            "name": "Ashutosh Hathidara",
            "url": "https://github.com/ashutosh1919"
          },
          {
            "avatarUrl": "https://avatars.githubusercontent.com/u/78194266?u=1270684640732eaea36ac2d1725160fec0747089&v=4",
            "name": "divyasreepat",
            "url": "https://github.com/divyashreepathihalli"
          }
        ]
      },
      "repository": {
        "name": "keras",
        "url": "https://github.com/keras-team/keras",
        "owner": {
          "login": "keras-team",
          "avatarUrl": "https://avatars.githubusercontent.com/u/34455048?v=4",
          "url": "https://github.com/keras-team"
        }
      }
    },
    {
      "id": "I_kwDOD8zMLc5M2vE_",
      "closed": true,
      "title": "Class-Balanced Loss based on effective number of samples",
      "createdAt": "2022-06-29T23:59:05Z",
      "url": "https://github.com/keras-team/keras-cv/issues/548",
      "number": 548,
      "assignees": {
        "nodes": []
      },
      "repository": {
        "name": "keras-cv",
        "url": "https://github.com/keras-team/keras-cv",
        "owner": {
          "login": "keras-team",
          "avatarUrl": "https://avatars.githubusercontent.com/u/34455048?v=4",
          "url": "https://github.com/keras-team"
        }
      }
    },
    {
      "id": "I_kwDOCX3y2s5Mx1Ch",
      "closed": false,
      "title": "Class-Balanced Loss Based on Effective Number of Samples",
      "createdAt": "2022-06-29T03:39:00Z",
      "url": "https://github.com/tensorflow/addons/issues/2732",
      "number": 2732,
      "assignees": {
        "nodes": []
      },
      "repository": {
        "name": "addons",
        "url": "https://github.com/tensorflow/addons",
        "owner": {
          "login": "tensorflow",
          "avatarUrl": "https://avatars.githubusercontent.com/u/15658638?v=4",
          "url": "https://github.com/tensorflow"
        }
      }
    },
    {
      "id": "I_kwDOG_vYHM5Gfliz",
      "closed": true,
      "title": "Adding @L-Pandey as doc contributor.",
      "createdAt": "2022-03-27T22:31:19Z",
      "url": "https://github.com/ashutosh1919/explainable-cnn/issues/1",
      "number": 1,
      "assignees": {
        "nodes": []
      },
      "repository": {
        "name": "explainable-cnn",
        "url": "https://github.com/ashutosh1919/explainable-cnn",
        "owner": {
          "login": "ashutosh1919",
          "avatarUrl": "https://avatars.githubusercontent.com/u/20843596?u=6deb5872cde2e3ab5bf5d48ece503bc8b5b0bcf6&v=4",
          "url": "https://github.com/ashutosh1919"
        }
      }
    },
    {
      "id": "I_kwDOG0_8uc5Fl_U2",
      "closed": false,
      "title": "Remove react-responsive",
      "createdAt": "2022-03-13T13:49:15Z",
      "url": "https://github.com/ashutosh1919/react-awesome-shapes/issues/73",
      "number": 73,
      "assignees": {
        "nodes": [
          {
            "avatarUrl": "https://avatars.githubusercontent.com/u/20843596?u=6deb5872cde2e3ab5bf5d48ece503bc8b5b0bcf6&v=4",
            "name": "Ashutosh Hathidara",
            "url": "https://github.com/ashutosh1919"
          },
          {
            "avatarUrl": "https://avatars.githubusercontent.com/u/62668827?u=6c31a500727e963282838c1570eea225a7626f6f&v=4",
            "name": "Bilal Essofyany",
            "url": "https://github.com/essofyany"
          }
        ]
      },
      "repository": {
        "name": "react-awesome-shapes",
        "url": "https://github.com/ashutosh1919/react-awesome-shapes",
        "owner": {
          "login": "ashutosh1919",
          "avatarUrl": "https://avatars.githubusercontent.com/u/20843596?u=6deb5872cde2e3ab5bf5d48ece503bc8b5b0bcf6&v=4",
          "url": "https://github.com/ashutosh1919"
        }
      }
    },
    {
      "id": "I_kwDOG0_8uc5FLsXg",
      "closed": true,
      "title": "Remove Triangle, Square and Hexagon",
      "createdAt": "2022-03-06T19:21:21Z",
      "url": "https://github.com/ashutosh1919/react-awesome-shapes/issues/60",
      "number": 60,
      "assignees": {
        "nodes": [
          {
            "avatarUrl": "https://avatars.githubusercontent.com/u/59080942?u=8d4b1d68ae9b8ceb7ba7d2ac3b1e4f533b852746&v=4",
            "name": "Sachin Chaurasiya",
            "url": "https://github.com/Sachin-chaurasiya"
          }
        ]
      },
      "repository": {
        "name": "react-awesome-shapes",
        "url": "https://github.com/ashutosh1919/react-awesome-shapes",
        "owner": {
          "login": "ashutosh1919",
          "avatarUrl": "https://avatars.githubusercontent.com/u/20843596?u=6deb5872cde2e3ab5bf5d48ece503bc8b5b0bcf6&v=4",
          "url": "https://github.com/ashutosh1919"
        }
      }
    },
    {
      "id": "I_kwDOG0_8uc5FJjxd",
      "closed": true,
      "title": "Create seperate folder for constants",
      "createdAt": "2022-03-04T23:32:11Z",
      "url": "https://github.com/ashutosh1919/react-awesome-shapes/issues/49",
      "number": 49,
      "assignees": {
        "nodes": []
      },
      "repository": {
        "name": "react-awesome-shapes",
        "url": "https://github.com/ashutosh1919/react-awesome-shapes",
        "owner": {
          "login": "ashutosh1919",
          "avatarUrl": "https://avatars.githubusercontent.com/u/20843596?u=6deb5872cde2e3ab5bf5d48ece503bc8b5b0bcf6&v=4",
          "url": "https://github.com/ashutosh1919"
        }
      }
    },
    {
      "id": "I_kwDOGEx53s5FFKhm",
      "closed": true,
      "title": "Making reports multi-theme",
      "createdAt": "2022-03-03T22:32:44Z",
      "url": "https://github.com/ashutosh1919/report-curator/issues/5",
      "number": 5,
      "assignees": {
        "nodes": [
          {
            "avatarUrl": "https://avatars.githubusercontent.com/u/20843596?u=6deb5872cde2e3ab5bf5d48ece503bc8b5b0bcf6&v=4",
            "name": "Ashutosh Hathidara",
            "url": "https://github.com/ashutosh1919"
          }
        ]
      },
      "repository": {
        "name": "report-curator",
        "url": "https://github.com/ashutosh1919/report-curator",
        "owner": {
          "login": "ashutosh1919",
          "avatarUrl": "https://avatars.githubusercontent.com/u/20843596?u=6deb5872cde2e3ab5bf5d48ece503bc8b5b0bcf6&v=4",
          "url": "https://github.com/ashutosh1919"
        }
      }
    },
    {
      "id": "I_kwDOG0_8uc5E6xrp",
      "closed": true,
      "title": "Decouple Web app & Package",
      "createdAt": "2022-03-02T02:48:38Z",
      "url": "https://github.com/ashutosh1919/react-awesome-shapes/issues/43",
      "number": 43,
      "assignees": {
        "nodes": []
      },
      "repository": {
        "name": "react-awesome-shapes",
        "url": "https://github.com/ashutosh1919/react-awesome-shapes",
        "owner": {
          "login": "ashutosh1919",
          "avatarUrl": "https://avatars.githubusercontent.com/u/20843596?u=6deb5872cde2e3ab5bf5d48ece503bc8b5b0bcf6&v=4",
          "url": "https://github.com/ashutosh1919"
        }
      }
    },
    {
      "id": "I_kwDOG0_8uc5EdJXn",
      "closed": true,
      "title": "Adding Anaghaa as a contributor for design",
      "createdAt": "2022-02-23T19:28:43Z",
      "url": "https://github.com/ashutosh1919/react-awesome-shapes/issues/34",
      "number": 34,
      "assignees": {
        "nodes": []
      },
      "repository": {
        "name": "react-awesome-shapes",
        "url": "https://github.com/ashutosh1919/react-awesome-shapes",
        "owner": {
          "login": "ashutosh1919",
          "avatarUrl": "https://avatars.githubusercontent.com/u/20843596?u=6deb5872cde2e3ab5bf5d48ece503bc8b5b0bcf6&v=4",
          "url": "https://github.com/ashutosh1919"
        }
      }
    },
    {
      "id": "I_kwDOG0_8uc5EdHXm",
      "closed": true,
      "title": "FavIcon not showing in the deployed website",
      "createdAt": "2022-02-23T19:19:45Z",
      "url": "https://github.com/ashutosh1919/react-awesome-shapes/issues/33",
      "number": 33,
      "assignees": {
        "nodes": [
          {
            "avatarUrl": "https://avatars.githubusercontent.com/u/20843596?u=6deb5872cde2e3ab5bf5d48ece503bc8b5b0bcf6&v=4",
            "name": "Ashutosh Hathidara",
            "url": "https://github.com/ashutosh1919"
          }
        ]
      },
      "repository": {
        "name": "react-awesome-shapes",
        "url": "https://github.com/ashutosh1919/react-awesome-shapes",
        "owner": {
          "login": "ashutosh1919",
          "avatarUrl": "https://avatars.githubusercontent.com/u/20843596?u=6deb5872cde2e3ab5bf5d48ece503bc8b5b0bcf6&v=4",
          "url": "https://github.com/ashutosh1919"
        }
      }
    },
    {
      "id": "I_kwDOG0_8uc5EdADi",
      "closed": true,
      "title": "Remove react from peer dependencies without crash",
      "createdAt": "2022-02-23T18:45:44Z",
      "url": "https://github.com/ashutosh1919/react-awesome-shapes/issues/32",
      "number": 32,
      "assignees": {
        "nodes": [
          {
            "avatarUrl": "https://avatars.githubusercontent.com/u/20843596?u=6deb5872cde2e3ab5bf5d48ece503bc8b5b0bcf6&v=4",
            "name": "Ashutosh Hathidara",
            "url": "https://github.com/ashutosh1919"
          }
        ]
      },
      "repository": {
        "name": "react-awesome-shapes",
        "url": "https://github.com/ashutosh1919/react-awesome-shapes",
        "owner": {
          "login": "ashutosh1919",
          "avatarUrl": "https://avatars.githubusercontent.com/u/20843596?u=6deb5872cde2e3ab5bf5d48ece503bc8b5b0bcf6&v=4",
          "url": "https://github.com/ashutosh1919"
        }
      }
    },
    {
      "id": "I_kwDOG0_8uc5EQWQy",
      "closed": true,
      "title": "Create Footer for the website",
      "createdAt": "2022-02-20T21:14:51Z",
      "url": "https://github.com/ashutosh1919/react-awesome-shapes/issues/27",
      "number": 27,
      "assignees": {
        "nodes": []
      },
      "repository": {
        "name": "react-awesome-shapes",
        "url": "https://github.com/ashutosh1919/react-awesome-shapes",
        "owner": {
          "login": "ashutosh1919",
          "avatarUrl": "https://avatars.githubusercontent.com/u/20843596?u=6deb5872cde2e3ab5bf5d48ece503bc8b5b0bcf6&v=4",
          "url": "https://github.com/ashutosh1919"
        }
      }
    },
    {
      "id": "I_kwDOG0_8uc5EPM9I",
      "closed": true,
      "title": "React-Live integration to show editable code snippets on the website",
      "createdAt": "2022-02-19T20:12:29Z",
      "url": "https://github.com/ashutosh1919/react-awesome-shapes/issues/24",
      "number": 24,
      "assignees": {
        "nodes": [
          {
            "avatarUrl": "https://avatars.githubusercontent.com/u/20843596?u=6deb5872cde2e3ab5bf5d48ece503bc8b5b0bcf6&v=4",
            "name": "Ashutosh Hathidara",
            "url": "https://github.com/ashutosh1919"
          }
        ]
      },
      "repository": {
        "name": "react-awesome-shapes",
        "url": "https://github.com/ashutosh1919/react-awesome-shapes",
        "owner": {
          "login": "ashutosh1919",
          "avatarUrl": "https://avatars.githubusercontent.com/u/20843596?u=6deb5872cde2e3ab5bf5d48ece503bc8b5b0bcf6&v=4",
          "url": "https://github.com/ashutosh1919"
        }
      }
    },
    {
      "id": "I_kwDOG0_8uc5DnWqW",
      "closed": true,
      "title": "Publish NPM package for the project",
      "createdAt": "2022-02-12T18:12:43Z",
      "url": "https://github.com/ashutosh1919/react-awesome-shapes/issues/14",
      "number": 14,
      "assignees": {
        "nodes": [
          {
            "avatarUrl": "https://avatars.githubusercontent.com/u/20843596?u=6deb5872cde2e3ab5bf5d48ece503bc8b5b0bcf6&v=4",
            "name": "Ashutosh Hathidara",
            "url": "https://github.com/ashutosh1919"
          }
        ]
      },
      "repository": {
        "name": "react-awesome-shapes",
        "url": "https://github.com/ashutosh1919/react-awesome-shapes",
        "owner": {
          "login": "ashutosh1919",
          "avatarUrl": "https://avatars.githubusercontent.com/u/20843596?u=6deb5872cde2e3ab5bf5d48ece503bc8b5b0bcf6&v=4",
          "url": "https://github.com/ashutosh1919"
        }
      }
    },
    {
      "id": "I_kwDOG0_8uc5DnWbL",
      "closed": true,
      "title": "Deploying current version of web app to Netlify",
      "createdAt": "2022-02-12T18:11:57Z",
      "url": "https://github.com/ashutosh1919/react-awesome-shapes/issues/13",
      "number": 13,
      "assignees": {
        "nodes": [
          {
            "avatarUrl": "https://avatars.githubusercontent.com/u/20843596?u=6deb5872cde2e3ab5bf5d48ece503bc8b5b0bcf6&v=4",
            "name": "Ashutosh Hathidara",
            "url": "https://github.com/ashutosh1919"
          }
        ]
      },
      "repository": {
        "name": "react-awesome-shapes",
        "url": "https://github.com/ashutosh1919/react-awesome-shapes",
        "owner": {
          "login": "ashutosh1919",
          "avatarUrl": "https://avatars.githubusercontent.com/u/20843596?u=6deb5872cde2e3ab5bf5d48ece503bc8b5b0bcf6&v=4",
          "url": "https://github.com/ashutosh1919"
        }
      }
    },
    {
      "id": "I_kwDOG0_8uc5DnWQ5",
      "closed": true,
      "title": "Creating deploy preview workflows",
      "createdAt": "2022-02-12T18:11:26Z",
      "url": "https://github.com/ashutosh1919/react-awesome-shapes/issues/12",
      "number": 12,
      "assignees": {
        "nodes": [
          {
            "avatarUrl": "https://avatars.githubusercontent.com/u/20843596?u=6deb5872cde2e3ab5bf5d48ece503bc8b5b0bcf6&v=4",
            "name": "Ashutosh Hathidara",
            "url": "https://github.com/ashutosh1919"
          }
        ]
      },
      "repository": {
        "name": "react-awesome-shapes",
        "url": "https://github.com/ashutosh1919/react-awesome-shapes",
        "owner": {
          "login": "ashutosh1919",
          "avatarUrl": "https://avatars.githubusercontent.com/u/20843596?u=6deb5872cde2e3ab5bf5d48ece503bc8b5b0bcf6&v=4",
          "url": "https://github.com/ashutosh1919"
        }
      }
    },
    {
      "id": "I_kwDOG0_8uc5DiDtD",
      "closed": true,
      "title": "Test issue to check Webhook integration with discord bot",
      "createdAt": "2022-02-11T19:27:08Z",
      "url": "https://github.com/ashutosh1919/react-awesome-shapes/issues/6",
      "number": 6,
      "assignees": {
        "nodes": []
      },
      "repository": {
        "name": "react-awesome-shapes",
        "url": "https://github.com/ashutosh1919/react-awesome-shapes",
        "owner": {
          "login": "ashutosh1919",
          "avatarUrl": "https://avatars.githubusercontent.com/u/20843596?u=6deb5872cde2e3ab5bf5d48ece503bc8b5b0bcf6&v=4",
          "url": "https://github.com/ashutosh1919"
        }
      }
    },
    {
      "id": "I_kwDOA-t3ps5Bln9c",
      "closed": true,
      "title": "Checking for broken links in .md files",
      "createdAt": "2022-01-12T14:05:02Z",
      "url": "https://github.com/yy/netsci-course/issues/31",
      "number": 31,
      "assignees": {
        "nodes": []
      },
      "repository": {
        "name": "netsci-course",
        "url": "https://github.com/yy/netsci-course",
        "owner": {
          "login": "yy",
          "avatarUrl": "https://avatars.githubusercontent.com/u/24250?u=8f15defbe4fe2ed12b790722b0597b7b77528f54&v=4",
          "url": "https://github.com/yy"
        }
      }
    },
    {
      "id": "I_kwDOA-t3ps5BcjXE",
      "closed": true,
      "title": "Enable ReviewNB for this repository",
      "createdAt": "2022-01-10T15:02:38Z",
      "url": "https://github.com/yy/netsci-course/issues/27",
      "number": 27,
      "assignees": {
        "nodes": []
      },
      "repository": {
        "name": "netsci-course",
        "url": "https://github.com/yy/netsci-course",
        "owner": {
          "login": "yy",
          "avatarUrl": "https://avatars.githubusercontent.com/u/24250?u=8f15defbe4fe2ed12b790722b0597b7b77528f54&v=4",
          "url": "https://github.com/yy"
        }
      }
    },
    {
      "id": "I_kwDOGYXM-c5Ayl3J",
      "closed": true,
      "title": "[Article Proposal] Fetching GitHub repository Traffic data using API v3",
      "createdAt": "2021-12-22T16:45:25Z",
      "url": "https://github.com/kili-technology/kili-blogger-program/issues/36",
      "number": 36,
      "assignees": {
        "nodes": []
      },
      "repository": {
        "name": "kili-blogger-program",
        "url": "https://github.com/kili-technology/kili-blogger-program",
        "owner": {
          "login": "kili-technology",
          "avatarUrl": "https://avatars.githubusercontent.com/u/50736791?v=4",
          "url": "https://github.com/kili-technology"
        }
      }
    },
    {
      "id": "I_kwDOGK1ZZM5APGS8",
      "closed": true,
      "title": "Please invite me to the GitHub Community Organization",
      "createdAt": "2021-12-12T02:26:57Z",
      "url": "https://github.com/Tech-Phantoms/community/issues/122",
      "number": 122,
      "assignees": {
        "nodes": []
      },
      "repository": {
        "name": "community",
        "url": "https://github.com/Tech-Phantoms/community",
        "owner": {
          "login": "Tech-Phantoms",
          "avatarUrl": "https://avatars.githubusercontent.com/u/61622105?v=4",
          "url": "https://github.com/Tech-Phantoms"
        }
      }
    },
    {
      "id": "I_kwDOEOGY2M5AOnXt",
      "closed": true,
      "title": "Please invite me to the GitHub Community Organization",
      "createdAt": "2021-12-11T15:52:25Z",
      "url": "https://github.com/EddieHubCommunity/support/issues/3089",
      "number": 3089,
      "assignees": {
        "nodes": []
      },
      "repository": {
        "name": "support",
        "url": "https://github.com/EddieHubCommunity/support",
        "owner": {
          "login": "EddieHubCommunity",
          "avatarUrl": "https://avatars.githubusercontent.com/u/66388388?v=4",
          "url": "https://github.com/EddieHubCommunity"
        }
      }
    },
    {
      "id": "MDU6SXNzdWU5OTQ4NDc2MTk=",
      "closed": true,
      "title": "Broken Links and GitHub Workflow",
      "createdAt": "2021-09-13T12:45:59Z",
      "url": "https://github.com/yy/dviz-course/issues/54",
      "number": 54,
      "assignees": {
        "nodes": []
      },
      "repository": {
        "name": "dviz-course",
        "url": "https://github.com/yy/dviz-course",
        "owner": {
          "login": "yy",
          "avatarUrl": "https://avatars.githubusercontent.com/u/24250?u=8f15defbe4fe2ed12b790722b0597b7b77528f54&v=4",
          "url": "https://github.com/yy"
        }
      }
    },
    {
      "id": "MDU6SXNzdWU5OTM4NTg5Nzc=",
      "closed": true,
      "title": "Squashing before merging PR commits",
      "createdAt": "2021-09-11T14:50:57Z",
      "url": "https://github.com/yy/dviz-course/issues/52",
      "number": 52,
      "assignees": {
        "nodes": []
      },
      "repository": {
        "name": "dviz-course",
        "url": "https://github.com/yy/dviz-course",
        "owner": {
          "login": "yy",
          "avatarUrl": "https://avatars.githubusercontent.com/u/24250?u=8f15defbe4fe2ed12b790722b0597b7b77528f54&v=4",
          "url": "https://github.com/yy"
        }
      }
    },
    {
      "id": "MDU6SXNzdWU5NzkxMzg1MDA=",
      "closed": true,
      "title": "Automated testing of syntax errors in Notebooks",
      "createdAt": "2021-08-25T13:16:23Z",
      "url": "https://github.com/yy/dviz-course/issues/39",
      "number": 39,
      "assignees": {
        "nodes": []
      },
      "repository": {
        "name": "dviz-course",
        "url": "https://github.com/yy/dviz-course",
        "owner": {
          "login": "yy",
          "avatarUrl": "https://avatars.githubusercontent.com/u/24250?u=8f15defbe4fe2ed12b790722b0597b7b77528f54&v=4",
          "url": "https://github.com/yy"
        }
      }
    },
    {
      "id": "MDU6SXNzdWU5NzcyOTQyMzM=",
      "closed": true,
      "title": "Rendering Notebook diffs",
      "createdAt": "2021-08-23T18:13:51Z",
      "url": "https://github.com/yy/dviz-course/issues/36",
      "number": 36,
      "assignees": {
        "nodes": []
      },
      "repository": {
        "name": "dviz-course",
        "url": "https://github.com/yy/dviz-course",
        "owner": {
          "login": "yy",
          "avatarUrl": "https://avatars.githubusercontent.com/u/24250?u=8f15defbe4fe2ed12b790722b0597b7b77528f54&v=4",
          "url": "https://github.com/yy"
        }
      }
    },
    {
      "id": "MDU6SXNzdWU5NzcwNTgwMDI=",
      "closed": true,
      "title": "Broken Link",
      "createdAt": "2021-08-23T13:49:05Z",
      "url": "https://github.com/yy/dviz-course/issues/34",
      "number": 34,
      "assignees": {
        "nodes": []
      },
      "repository": {
        "name": "dviz-course",
        "url": "https://github.com/yy/dviz-course",
        "owner": {
          "login": "yy",
          "avatarUrl": "https://avatars.githubusercontent.com/u/24250?u=8f15defbe4fe2ed12b790722b0597b7b77528f54&v=4",
          "url": "https://github.com/yy"
        }
      }
    },
    {
      "id": "MDU6SXNzdWU5MDc5OTM5MjQ=",
      "closed": true,
      "title": "Modify tf.math.reduce_std so that it is compatible with ragged tensors",
      "createdAt": "2021-06-01T07:33:49Z",
      "url": "https://github.com/tensorflow/tensorflow/issues/49941",
      "number": 49941,
      "assignees": {
        "nodes": [
          {
            "avatarUrl": "https://avatars.githubusercontent.com/u/81610181?v=4",
            "name": null,
            "url": "https://github.com/tilakrayal"
          }
        ]
      },
      "repository": {
        "name": "tensorflow",
        "url": "https://github.com/tensorflow/tensorflow",
        "owner": {
          "login": "tensorflow",
          "avatarUrl": "https://avatars.githubusercontent.com/u/15658638?v=4",
          "url": "https://github.com/tensorflow"
        }
      }
    },
    {
      "id": "MDU6SXNzdWU5MDA3MDgxNjg=",
      "closed": true,
      "title": "reduce_variance gives error in case of RaggedTensor when axis=0",
      "createdAt": "2021-05-25T11:58:36Z",
      "url": "https://github.com/tensorflow/tensorflow/issues/49606",
      "number": 49606,
      "assignees": {
        "nodes": [
          {
            "avatarUrl": "https://avatars.githubusercontent.com/u/81610181?v=4",
            "name": null,
            "url": "https://github.com/tilakrayal"
          }
        ]
      },
      "repository": {
        "name": "tensorflow",
        "url": "https://github.com/tensorflow/tensorflow",
        "owner": {
          "login": "tensorflow",
          "avatarUrl": "https://avatars.githubusercontent.com/u/15658638?v=4",
          "url": "https://github.com/tensorflow"
        }
      }
    },
    {
      "id": "MDU6SXNzdWU4OTI1ODU5MzA=",
      "closed": true,
      "title": "Windows Bazel build always fails",
      "createdAt": "2021-05-16T03:28:00Z",
      "url": "https://github.com/tensorflow/tensorflow/issues/49210",
      "number": 49210,
      "assignees": {
        "nodes": [
          {
            "avatarUrl": "https://avatars.githubusercontent.com/u/323199?u=dd45e7615e210711761056afbfc44c8679d87a87&v=4",
            "name": "Mihai Maruseac",
            "url": "https://github.com/mihaimaruseac"
          },
          {
            "avatarUrl": "https://avatars.githubusercontent.com/u/42785357?u=8de0ad6ebb979a4ecd4fa0e1c455bf4f3d70d92a&v=4",
            "name": "Yasir Modak",
            "url": "https://github.com/ymodak"
          }
        ]
      },
      "repository": {
        "name": "tensorflow",
        "url": "https://github.com/tensorflow/tensorflow",
        "owner": {
          "login": "tensorflow",
          "avatarUrl": "https://avatars.githubusercontent.com/u/15658638?v=4",
          "url": "https://github.com/tensorflow"
        }
      }
    },
    {
      "id": "MDU6SXNzdWU4Nzg1MTUwMDE=",
      "closed": true,
      "title": "Sanity Tests & Unity Test checking fails ",
      "createdAt": "2021-05-07T06:30:41Z",
      "url": "https://github.com/tensorflow/tensorflow/issues/48954",
      "number": 48954,
      "assignees": {
        "nodes": [
          {
            "avatarUrl": "https://avatars.githubusercontent.com/u/42785357?u=8de0ad6ebb979a4ecd4fa0e1c455bf4f3d70d92a&v=4",
            "name": "Yasir Modak",
            "url": "https://github.com/ymodak"
          }
        ]
      },
      "repository": {
        "name": "tensorflow",
        "url": "https://github.com/tensorflow/tensorflow",
        "owner": {
          "login": "tensorflow",
          "avatarUrl": "https://avatars.githubusercontent.com/u/15658638?v=4",
          "url": "https://github.com/tensorflow"
        }
      }
    },
    {
      "id": "MDU6SXNzdWU3ODUxNjU2MDA=",
      "closed": false,
      "title": "The Hover Animation issue for What's New Button",
      "createdAt": "2021-01-13T14:45:08Z",
      "url": "https://github.com/ashutosh1919/react-liquidswipe/issues/4",
      "number": 4,
      "assignees": {
        "nodes": []
      },
      "repository": {
        "name": "react-liquidswipe",
        "url": "https://github.com/ashutosh1919/react-liquidswipe",
        "owner": {
          "login": "ashutosh1919",
          "avatarUrl": "https://avatars.githubusercontent.com/u/20843596?u=6deb5872cde2e3ab5bf5d48ece503bc8b5b0bcf6&v=4",
          "url": "https://github.com/ashutosh1919"
        }
      }
    },
    {
      "id": "MDU6SXNzdWU2OTA5NzE0MzU=",
      "closed": true,
      "title": "Pretrained models not available",
      "createdAt": "2020-09-02T12:15:36Z",
      "url": "https://github.com/lordmartian/deep_avsr/issues/8",
      "number": 8,
      "assignees": {
        "nodes": []
      },
      "repository": {
        "name": "deep_avsr",
        "url": "https://github.com/lordmartian/deep_avsr",
        "owner": {
          "login": "lordmartian",
          "avatarUrl": "https://avatars.githubusercontent.com/u/29375430?u=ac19cef18259e07f6e5c325dde3013dc15b83c00&v=4",
          "url": "https://github.com/lordmartian"
        }
      }
    },
    {
      "id": "MDU6SXNzdWU2NzU2MzA4NDc=",
      "closed": true,
      "title": "Need to add new social media",
      "createdAt": "2020-08-09T03:55:15Z",
      "url": "https://github.com/ashutosh1919/masterPortfolio/issues/64",
      "number": 64,
      "assignees": {
        "nodes": []
      },
      "repository": {
        "name": "masterPortfolio",
        "url": "https://github.com/ashutosh1919/masterPortfolio",
        "owner": {
          "login": "ashutosh1919",
          "avatarUrl": "https://avatars.githubusercontent.com/u/20843596?u=6deb5872cde2e3ab5bf5d48ece503bc8b5b0bcf6&v=4",
          "url": "https://github.com/ashutosh1919"
        }
      }
    },
    {
      "id": "MDU6SXNzdWU2NzMyOTg0MDk=",
      "closed": false,
      "title": "Need modification in experience cards.",
      "createdAt": "2020-08-05T06:49:09Z",
      "url": "https://github.com/ashutosh1919/masterPortfolio/issues/58",
      "number": 58,
      "assignees": {
        "nodes": []
      },
      "repository": {
        "name": "masterPortfolio",
        "url": "https://github.com/ashutosh1919/masterPortfolio",
        "owner": {
          "login": "ashutosh1919",
          "avatarUrl": "https://avatars.githubusercontent.com/u/20843596?u=6deb5872cde2e3ab5bf5d48ece503bc8b5b0bcf6&v=4",
          "url": "https://github.com/ashutosh1919"
        }
      }
    },
    {
      "id": "MDU6SXNzdWU2NzMyOTgxNjg=",
      "closed": true,
      "title": "Need modifications in Experience tab cards",
      "createdAt": "2020-08-05T06:48:41Z",
      "url": "https://github.com/ashutosh1919/masterPortfolio/issues/57",
      "number": 57,
      "assignees": {
        "nodes": []
      },
      "repository": {
        "name": "masterPortfolio",
        "url": "https://github.com/ashutosh1919/masterPortfolio",
        "owner": {
          "login": "ashutosh1919",
          "avatarUrl": "https://avatars.githubusercontent.com/u/20843596?u=6deb5872cde2e3ab5bf5d48ece503bc8b5b0bcf6&v=4",
          "url": "https://github.com/ashutosh1919"
        }
      }
    },
    {
      "id": "MDU6SXNzdWU2NzMyNDk0ODE=",
      "closed": false,
      "title": "Adding Theme containing gradient to every type of color",
      "createdAt": "2020-08-05T04:45:48Z",
      "url": "https://github.com/ashutosh1919/masterPortfolio/issues/56",
      "number": 56,
      "assignees": {
        "nodes": []
      },
      "repository": {
        "name": "masterPortfolio",
        "url": "https://github.com/ashutosh1919/masterPortfolio",
        "owner": {
          "login": "ashutosh1919",
          "avatarUrl": "https://avatars.githubusercontent.com/u/20843596?u=6deb5872cde2e3ab5bf5d48ece503bc8b5b0bcf6&v=4",
          "url": "https://github.com/ashutosh1919"
        }
      }
    },
    {
      "id": "MDU6SXNzdWU2NzMyNDMwMDg=",
      "closed": false,
      "title": "Creation of ReadMe Doc to completely explain how to modify portfolio.js",
      "createdAt": "2020-08-05T04:25:44Z",
      "url": "https://github.com/ashutosh1919/masterPortfolio/issues/55",
      "number": 55,
      "assignees": {
        "nodes": []
      },
      "repository": {
        "name": "masterPortfolio",
        "url": "https://github.com/ashutosh1919/masterPortfolio",
        "owner": {
          "login": "ashutosh1919",
          "avatarUrl": "https://avatars.githubusercontent.com/u/20843596?u=6deb5872cde2e3ab5bf5d48ece503bc8b5b0bcf6&v=4",
          "url": "https://github.com/ashutosh1919"
        }
      }
    },
    {
      "id": "MDU6SXNzdWU2Njk3MzA0MDU=",
      "closed": false,
      "title": "Org Logo",
      "createdAt": "2020-07-31T11:44:30Z",
      "url": "https://github.com/ashutosh1919/masterPortfolio/issues/40",
      "number": 40,
      "assignees": {
        "nodes": []
      },
      "repository": {
        "name": "masterPortfolio",
        "url": "https://github.com/ashutosh1919/masterPortfolio",
        "owner": {
          "login": "ashutosh1919",
          "avatarUrl": "https://avatars.githubusercontent.com/u/20843596?u=6deb5872cde2e3ab5bf5d48ece503bc8b5b0bcf6&v=4",
          "url": "https://github.com/ashutosh1919"
        }
      }
    },
    {
      "id": "MDU6SXNzdWU2MDU0Nzg0NDk=",
      "closed": true,
      "title": "Setting Up Workflow for the project",
      "createdAt": "2020-04-23T12:06:14Z",
      "url": "https://github.com/ashutosh1919/masterPortfolio/issues/2",
      "number": 2,
      "assignees": {
        "nodes": [
          {
            "avatarUrl": "https://avatars.githubusercontent.com/u/20843596?u=6deb5872cde2e3ab5bf5d48ece503bc8b5b0bcf6&v=4",
            "name": "Ashutosh Hathidara",
            "url": "https://github.com/ashutosh1919"
          }
        ]
      },
      "repository": {
        "name": "masterPortfolio",
        "url": "https://github.com/ashutosh1919/masterPortfolio",
        "owner": {
          "login": "ashutosh1919",
          "avatarUrl": "https://avatars.githubusercontent.com/u/20843596?u=6deb5872cde2e3ab5bf5d48ece503bc8b5b0bcf6&v=4",
          "url": "https://github.com/ashutosh1919"
        }
      }
    },
    {
      "id": "MDU6SXNzdWU2MDI0NDg3NTY=",
      "closed": true,
      "title": "In ModelCheckpoint, filepath is not accepting batch as formatting parameter.",
      "createdAt": "2020-04-18T12:25:56Z",
      "url": "https://github.com/tensorflow/tensorflow/issues/38668",
      "number": 38668,
      "assignees": {
        "nodes": [
          {
            "avatarUrl": "https://avatars.githubusercontent.com/u/6505863?v=4",
            "name": "Rick Chao",
            "url": "https://github.com/rchao"
          }
        ]
      },
      "repository": {
        "name": "tensorflow",
        "url": "https://github.com/tensorflow/tensorflow",
        "owner": {
          "login": "tensorflow",
          "avatarUrl": "https://avatars.githubusercontent.com/u/15658638?v=4",
          "url": "https://github.com/tensorflow"
        }
      }
    },
    {
      "id": "MDU6SXNzdWU2MDIzODIxNjI=",
      "closed": true,
      "title": "save_freq is not accepting integer value in AverageModelCheckpoint",
      "createdAt": "2020-04-18T05:19:27Z",
      "url": "https://github.com/tensorflow/addons/issues/1701",
      "number": 1701,
      "assignees": {
        "nodes": []
      },
      "repository": {
        "name": "addons",
        "url": "https://github.com/tensorflow/addons",
        "owner": {
          "login": "tensorflow",
          "avatarUrl": "https://avatars.githubusercontent.com/u/15658638?v=4",
          "url": "https://github.com/tensorflow"
        }
      }
    },
    {
      "id": "MDU6SXNzdWU1OTg4NzQxMDI=",
      "closed": true,
      "title": "Currently logs param is None for on_train_end() and on_test_end()",
      "createdAt": "2020-04-13T12:56:17Z",
      "url": "https://github.com/tensorflow/tensorflow/issues/38498",
      "number": 38498,
      "assignees": {
        "nodes": [
          {
            "avatarUrl": "https://avatars.githubusercontent.com/u/51902062?v=4",
            "name": null,
            "url": "https://github.com/ravikyram"
          }
        ]
      },
      "repository": {
        "name": "tensorflow",
        "url": "https://github.com/tensorflow/tensorflow",
        "owner": {
          "login": "tensorflow",
          "avatarUrl": "https://avatars.githubusercontent.com/u/15658638?v=4",
          "url": "https://github.com/tensorflow"
        }
      }
    },
    {
      "id": "MDU6SXNzdWU1OTgyNTg0MTQ=",
      "closed": false,
      "title": "Need of flexible loss function GeneralLoss which can change behavior based on params",
      "createdAt": "2020-04-11T12:41:54Z",
      "url": "https://github.com/tensorflow/addons/issues/1646",
      "number": 1646,
      "assignees": {
        "nodes": []
      },
      "repository": {
        "name": "addons",
        "url": "https://github.com/tensorflow/addons",
        "owner": {
          "login": "tensorflow",
          "avatarUrl": "https://avatars.githubusercontent.com/u/15658638?v=4",
          "url": "https://github.com/tensorflow"
        }
      }
    },
    {
      "id": "MDU6SXNzdWU1OTU1NjQyODc=",
      "closed": false,
      "title": "Not able to customize social-cards",
      "createdAt": "2020-04-07T03:29:37Z",
      "url": "https://github.com/apollographql/gatsby-theme-apollo/issues/110",
      "number": 110,
      "assignees": {
        "nodes": []
      },
      "repository": {
        "name": "gatsby-theme-apollo",
        "url": "https://github.com/apollographql/gatsby-theme-apollo",
        "owner": {
          "login": "apollographql",
          "avatarUrl": "https://avatars.githubusercontent.com/u/17189275?v=4",
          "url": "https://github.com/apollographql"
        }
      }
    },
    {
      "id": "MDU6SXNzdWU1OTMyNjQ3NTg=",
      "closed": true,
      "title": "Adding config to override prettier (if set) in any code editor",
      "createdAt": "2020-04-03T09:59:05Z",
      "url": "https://github.com/saadpasta/developerFolio/issues/77",
      "number": 77,
      "assignees": {
        "nodes": [
          {
            "avatarUrl": "https://avatars.githubusercontent.com/u/48270786?u=dab5f6dc64923f646b354f47f52af65f44fd9e7e&v=4",
            "name": "Kartik Choudhary",
            "url": "https://github.com/kartikcho"
          }
        ]
      },
      "repository": {
        "name": "developerFolio",
        "url": "https://github.com/saadpasta/developerFolio",
        "owner": {
          "login": "saadpasta",
          "avatarUrl": "https://avatars.githubusercontent.com/u/23307811?u=eab46b153eef3f5183930e61898b462447af9219&v=4",
          "url": "https://github.com/saadpasta"
        }
      }
    },
    {
      "id": "MDU6SXNzdWU1OTE2NjAzNTE=",
      "closed": true,
      "title": "Add Animations to Pinned Projects ",
      "createdAt": "2020-04-01T06:24:47Z",
      "url": "https://github.com/ashutosh1919/masterPortfolio/issues/1",
      "number": 1,
      "assignees": {
        "nodes": []
      },
      "repository": {
        "name": "masterPortfolio",
        "url": "https://github.com/ashutosh1919/masterPortfolio",
        "owner": {
          "login": "ashutosh1919",
          "avatarUrl": "https://avatars.githubusercontent.com/u/20843596?u=6deb5872cde2e3ab5bf5d48ece503bc8b5b0bcf6&v=4",
          "url": "https://github.com/ashutosh1919"
        }
      }
    },
    {
      "id": "MDU6SXNzdWU1OTAwMDczMDE=",
      "closed": true,
      "title": "Improve the TFDS Getting Started Documentation",
      "createdAt": "2020-03-30T05:37:01Z",
      "url": "https://github.com/tensorflow/datasets/issues/1762",
      "number": 1762,
      "assignees": {
        "nodes": []
      },
      "repository": {
        "name": "datasets",
        "url": "https://github.com/tensorflow/datasets",
        "owner": {
          "login": "tensorflow",
          "avatarUrl": "https://avatars.githubusercontent.com/u/15658638?v=4",
          "url": "https://github.com/tensorflow"
        }
      }
    },
    {
      "id": "MDU6SXNzdWU1ODk1Nzk0NTc=",
      "closed": true,
      "title": "BrowserRouter and HashRouter works for three Routes only",
      "createdAt": "2020-03-28T13:40:27Z",
      "url": "https://github.com/remix-run/react-router/issues/7223",
      "number": 7223,
      "assignees": {
        "nodes": []
      },
      "repository": {
        "name": "react-router",
        "url": "https://github.com/remix-run/react-router",
        "owner": {
          "login": "remix-run",
          "avatarUrl": "https://avatars.githubusercontent.com/u/64235328?v=4",
          "url": "https://github.com/remix-run"
        }
      }
    },
    {
      "id": "MDU6SXNzdWU1ODk1NzY4Nzg=",
      "closed": true,
      "title": "BrowserRouter and HashRouter works for three Routes only ",
      "createdAt": "2020-03-28T13:24:25Z",
      "url": "https://github.com/facebook/react/issues/18414",
      "number": 18414,
      "assignees": {
        "nodes": []
      },
      "repository": {
        "name": "react",
        "url": "https://github.com/facebook/react",
        "owner": {
          "login": "facebook",
          "avatarUrl": "https://avatars.githubusercontent.com/u/69631?v=4",
          "url": "https://github.com/facebook"
        }
      }
    },
    {
      "id": "MDU6SXNzdWU1ODEwNjk1NjU=",
      "closed": true,
      "title": "Required mean_absolute_relative_error (MARE) ",
      "createdAt": "2020-03-14T06:39:28Z",
      "url": "https://github.com/scikit-learn/scikit-learn/issues/16688",
      "number": 16688,
      "assignees": {
        "nodes": []
      },
      "repository": {
        "name": "scikit-learn",
        "url": "https://github.com/scikit-learn/scikit-learn",
        "owner": {
          "login": "scikit-learn",
          "avatarUrl": "https://avatars.githubusercontent.com/u/365630?v=4",
          "url": "https://github.com/scikit-learn"
        }
      }
    },
    {
      "id": "MDU6SXNzdWU1ODEwNDc0MDc=",
      "closed": true,
      "title": "Example given in tf.image.rgb_to_yub is contadicting with the description.",
      "createdAt": "2020-03-14T05:25:45Z",
      "url": "https://github.com/tensorflow/tensorflow/issues/37591",
      "number": 37591,
      "assignees": {
        "nodes": [
          {
            "avatarUrl": "https://avatars.githubusercontent.com/u/46058173?v=4",
            "name": "Vishnuvardhan Janapati",
            "url": "https://github.com/jvishnuvardhan"
          }
        ]
      },
      "repository": {
        "name": "tensorflow",
        "url": "https://github.com/tensorflow/tensorflow",
        "owner": {
          "login": "tensorflow",
          "avatarUrl": "https://avatars.githubusercontent.com/u/15658638?v=4",
          "url": "https://github.com/tensorflow"
        }
      }
    },
    {
      "id": "MDU6SXNzdWU1NzMyNTA1NjQ=",
      "closed": true,
      "title": "ModuleNotFoundError: No module named 'tensorflow_datasets'",
      "createdAt": "2020-02-29T08:28:06Z",
      "url": "https://github.com/tensorflow/datasets/issues/1544",
      "number": 1544,
      "assignees": {
        "nodes": []
      },
      "repository": {
        "name": "datasets",
        "url": "https://github.com/tensorflow/datasets",
        "owner": {
          "login": "tensorflow",
          "avatarUrl": "https://avatars.githubusercontent.com/u/15658638?v=4",
          "url": "https://github.com/tensorflow"
        }
      }
    },
    {
      "id": "MDU6SXNzdWU1Njk4OTI2MTE=",
      "closed": true,
      "title": "There are no documentations related to decode_predictions() and preprocess_input() in any keras.applications",
      "createdAt": "2020-02-24T14:28:33Z",
      "url": "https://github.com/tensorflow/tensorflow/issues/37021",
      "number": 37021,
      "assignees": {
        "nodes": [
          {
            "avatarUrl": "https://avatars.githubusercontent.com/u/46058173?v=4",
            "name": "Vishnuvardhan Janapati",
            "url": "https://github.com/jvishnuvardhan"
          }
        ]
      },
      "repository": {
        "name": "tensorflow",
        "url": "https://github.com/tensorflow/tensorflow",
        "owner": {
          "login": "tensorflow",
          "avatarUrl": "https://avatars.githubusercontent.com/u/15658638?v=4",
          "url": "https://github.com/tensorflow"
        }
      }
    },
    {
      "id": "MDU6SXNzdWU1NTgwODYwMTM=",
      "closed": true,
      "title": "Need for more flexible Loss Function",
      "createdAt": "2020-01-31T11:50:06Z",
      "url": "https://github.com/tensorflow/tensorflow/issues/36369",
      "number": 36369,
      "assignees": {
        "nodes": [
          {
            "avatarUrl": "https://avatars.githubusercontent.com/u/13326758?u=af9430e7bc177fa3a1a256dd224b0765bd820bcf&v=4",
            "name": "Pavithra Vijay",
            "url": "https://github.com/pavithrasv"
          }
        ]
      },
      "repository": {
        "name": "tensorflow",
        "url": "https://github.com/tensorflow/tensorflow",
        "owner": {
          "login": "tensorflow",
          "avatarUrl": "https://avatars.githubusercontent.com/u/15658638?v=4",
          "url": "https://github.com/tensorflow"
        }
      }
    },
    {
      "id": "MDU6SXNzdWU0OTQ1NzMwMzc=",
      "closed": true,
      "title": "I am not able to import Dataset",
      "createdAt": "2019-09-17T11:46:15Z",
      "url": "https://github.com/aerdem4/lofo-importance/issues/26",
      "number": 26,
      "assignees": {
        "nodes": []
      },
      "repository": {
        "name": "lofo-importance",
        "url": "https://github.com/aerdem4/lofo-importance",
        "owner": {
          "login": "aerdem4",
          "avatarUrl": "https://avatars.githubusercontent.com/u/24624210?u=58887e9c09a3c0576a8ce61ba881132ebf4c137c&v=4",
          "url": "https://github.com/aerdem4"
        }
      }
    },
    {
      "id": "MDU6SXNzdWU0ODI4MTcwNjE=",
      "closed": false,
      "title": "Setup Readme file in proper format",
      "createdAt": "2019-08-20T11:58:49Z",
      "url": "https://github.com/NebutechOpenSource/MLGen/issues/1",
      "number": 1,
      "assignees": {
        "nodes": []
      },
      "repository": {
        "name": "MLGen",
        "url": "https://github.com/NebutechOpenSource/MLGen",
        "owner": {
          "login": "NebutechOpenSource",
          "avatarUrl": "https://avatars.githubusercontent.com/u/53137955?u=2abe60da5dfbd4b442e415e6c553f58a21cf9547&v=4",
          "url": "https://github.com/NebutechOpenSource"
        }
      }
    }
  ],
  "open": 11,
  "totalCount": 58
}
